{
    "melhor_modelo": "GradientBoosting",
    "melhor_score": 0.8551165615551983,
    "tipo_problema": "regressao",
    "metricas_por_modelo": {
        "RandomForest": 0.8363680086714576,
        "ExtraTrees": 0.8213836513123027,
        "GradientBoosting": 0.8551165615551983,
        "LinearRegression": 0.7459305254811328,
        "Ridge": 0.7459395411307879,
        "Lasso": 0.7459512222414171,
        "SVR": -0.10255883513733174,
        "KNN": 0.6826080781286608,
        "DecisionTree": 0.6974636914775958
    }
}