{
    "melhor_modelo": "GradientBoosting",
    "melhor_score": 0.8552141663696959,
    "tipo_problema": "regressao",
    "metricas_por_modelo": {
        "RandomForest": 0.8363223966850818,
        "ExtraTrees": 0.8218120986141051,
        "GradientBoosting": 0.8552141663696959,
        "LinearRegression": 0.7459305254811328,
        "Ridge": 0.7459395411307879,
        "Lasso": 0.7459512222414171,
        "SVR": -0.10255883513733174,
        "KNN": 0.6826080781286608,
        "DecisionTree": 0.6845197103031949
    }
}