{
    "melhor_modelo": "GradientBoosting",
    "melhor_score": 0.8556740904497178,
    "tipo_problema": "regressao",
    "metricas_por_modelo": {
        "RandomForest": 0.8352268823177361,
        "ExtraTrees": 0.8213693857602979,
        "GradientBoosting": 0.8556740904497178,
        "LinearRegression": 0.7459305254811328,
        "Ridge": 0.7459395411307879,
        "Lasso": 0.7459512222414171,
        "SVR": -0.10255883513733174,
        "KNN": 0.6826080781286608,
        "DecisionTree": 0.6828250657509383
    }
}