{
    "melhor_modelo": "GradientBoosting",
    "melhor_score": 0.8553321115576933,
    "tipo_problema": "regressao",
    "metricas_por_modelo": {
        "RandomForest": 0.8351913034332537,
        "ExtraTrees": 0.8204404827593983,
        "GradientBoosting": 0.8553321115576933,
        "LinearRegression": 0.7459305254811328,
        "Ridge": 0.7459395411307879,
        "Lasso": 0.7459512222414171,
        "SVR": -0.10255883513733174,
        "KNN": 0.6826080781286608,
        "DecisionTree": 0.6846154987200191
    }
}