{
    "versao": "v3",
    "data": "2026-01-23 13:58:52",
    "tipo_problema": "regressao",
    "melhor_modelo": "GradientBoosting",
    "melhor_score": 0.8550583120192489,
    "metricas": {
        "RandomForest": 0.8374572995059552,
        "ExtraTrees": 0.8221436537033503,
        "GradientBoosting": 0.8550583120192489,
        "LinearRegression": 0.7459305254811328,
        "Ridge": 0.7459395411307879,
        "Lasso": 0.7459512222414171,
        "SVR": -0.10255883513733174,
        "KNN": 0.6826080781286608,
        "DecisionTree": 0.6812477551883428
    },
    "dataset_shape": [
        1338,
        7
    ],
    "colunas": [
        "age",
        "sex",
        "bmi",
        "children",
        "smoker",
        "region",
        "charges"
    ],
    "arquivo_dataset": "dataset.csv"
}