{
    "melhor_modelo": "GradientBoosting",
    "melhor_score": 0.855542634843804,
    "tipo_problema": "regressao",
    "metricas_por_modelo": {
        "RandomForest": 0.8356547379464876,
        "ExtraTrees": 0.821049669748094,
        "GradientBoosting": 0.855542634843804,
        "LinearRegression": 0.7459305254811328,
        "Ridge": 0.7459395411307879,
        "Lasso": 0.7459512222414171,
        "SVR": -0.10255883513733174,
        "KNN": 0.6826080781286608,
        "DecisionTree": 0.7016039873006031
    }
}