{
    "melhor_modelo": "GradientBoosting",
    "melhor_score": 0.8553366113992025,
    "tipo_problema": "regressao",
    "metricas_por_modelo": {
        "RandomForest": 0.8370857860312697,
        "ExtraTrees": 0.8214262525875136,
        "GradientBoosting": 0.8553366113992025,
        "LinearRegression": 0.7459305254811328,
        "Ridge": 0.7459395411307879,
        "Lasso": 0.7459512222414171,
        "SVR": -0.10255883513733174,
        "KNN": 0.6826080781286608,
        "DecisionTree": 0.6896010491224724
    }
}